datetime,actual,sarimax_pred
2021-02-14,6769.242041666667,160.41793942274353
2021-02-15,7644.1035833333335,8456.965020616646
2021-02-16,7526.808416666667,8388.227815852348
2021-02-17,7900.548125,7648.807536121534
2021-02-18,7550.943666666666,7199.542218603565
2021-02-19,7459.469875,7911.066275438233
2021-02-20,7072.574708333334,7052.994039151889
2021-02-21,6931.94025,11011.12708484512
2021-02-22,6960.547333333333,5649.300105218717
2021-02-23,6663.268875000001,6366.522905064788
2021-02-24,6508.385791666667,6891.379827290979
2021-02-25,6600.9518333333335,7105.21388179149
2021-02-26,6671.643958333333,6241.962703076379
2021-02-27,5787.532916666667,5932.056709680401
2021-02-28,5590.397608695653,6070.847097687418
2021-03-01,6410.6783749999995,6551.913957404531
2021-03-02,6860.382666666667,6551.958364762858
2021-03-03,6478.640916666667,6516.240519141802
2021-03-04,6702.675166666667,6832.627640570635
2021-03-05,6806.149375,6790.071060378274
2021-03-06,6247.184666666667,6050.292037649742
2021-03-07,6106.378083333333,6399.679411134576
2021-03-08,6386.765875,6436.4917018097085
2021-03-09,5938.973000000001,6102.6543318624235
2021-03-10,5892.672041666668,6116.165017785512
2021-03-11,5727.279833333333,6122.715805757101
2021-03-12,5693.737583333333,5579.488053700043
2021-03-13,5519.579541666667,5445.939232397536
2021-03-14,5595.602545454545,5544.778079774174
2021-03-15,6671.102791666667,6593.078035082812
2021-03-16,6129.598000000001,5939.181118202007
2021-03-17,5926.2853749999995,6084.824087621744
2021-03-18,6137.639375,5882.199943797396
2021-03-19,6328.987583333333,6232.800630748592
2021-03-20,5728.2782916666665,5705.124543525893
2021-03-21,5417.005375,5576.9689505412525
2021-03-22,5836.532708333333,6104.435247693199
2021-03-23,5788.45275,5724.5847573938345
2021-03-24,5690.372458333334,6020.274481504122
2021-03-25,5701.516875,5610.729699802441
2021-03-26,5563.201125,5717.37456607519
2021-03-27,5169.683916666667,5111.873571269297
2021-03-28,5223.116333333333,5172.117808780886
2021-03-29,5983.516458333333,5947.3417182069625
2021-03-30,5818.229625,5722.639064936399
2021-03-31,5721.93275,5663.7602450795
2021-04-01,6403.437541666666,6244.359354631382
2021-04-02,6087.214416666667,6205.832281081125
2021-04-03,5510.3819583333325,5226.496180893592
2021-04-04,4990.462333333334,5429.9339269169905
2021-04-05,5603.487249999999,5703.757699357633
2021-04-06,5764.748541666667,5642.354396096862
2021-04-07,5888.600666666666,5882.357470163663
2021-04-08,5805.395916666667,5843.623848159474
2021-04-09,5634.786791666666,5666.814632185933
2021-04-10,5168.425625,5258.511786481882
2021-04-11,5006.035166666667,4882.083882793023
2021-04-12,5705.404875,5628.600905031186
2021-04-13,5708.421958333333,5512.956275675822
2021-04-14,5691.3975,5609.151217379858
2021-04-15,5922.125125,5722.342194137375
2021-04-16,5861.054,5718.928603598945
2021-04-17,5256.870125,5285.192332619429
2021-04-18,5076.892041666667,5127.342268632345
2021-04-19,5652.057666666667,5678.707844020411
2021-04-20,5767.7885,5507.08402490724
2021-04-21,6317.314541666667,5992.353355676221
2021-04-22,6322.641416666666,6165.1180667852905
2021-04-23,6002.627666666667,5930.483486832977
2021-04-24,5466.485041666667,5402.621943337908
2021-04-25,5233.714583333333,5312.963676971211
2021-04-26,5810.935,5813.81602727008
2021-04-27,5914.950833333333,6125.703789813097
2021-04-28,6099.844739130435,6050.966998168251
2021-04-29,5841.4560833333335,5861.6855073469105
2021-04-30,5542.204458333334,5587.828411830493
2021-05-01,5194.7955833333335,5091.704631393497
2021-05-02,5193.278,5516.60084423549
2021-05-03,5766.31325,5580.191701512711
2021-05-04,5870.288291666667,5789.085803416864
2021-05-05,5667.638583333333,5594.756885155965
2021-05-06,5774.735958333334,5725.065264933646
2021-05-07,5683.883583333333,5639.136322389102
2021-05-08,5299.520041666667,5215.731304588281
2021-05-09,5517.091041666667,5186.428239945094
2021-05-10,5870.588541666667,6005.690456700684
2021-05-11,5788.871833333334,5645.605567755898
2021-05-12,5875.201583333333,5750.408697627685
2021-05-13,5777.0498333333335,5912.785717100512
2021-05-14,5653.270375,5653.771448392062
2021-05-15,5222.765083333333,5272.807971800348
2021-05-16,5125.276583333333,5343.39587831282
2021-05-17,5693.471208333333,5616.217577725018
2021-05-18,5972.9594166666675,5901.670065589089
2021-05-19,6461.136208333333,6221.031842901197
2021-05-20,6731.835,6653.81550807488
2021-05-21,6812.267791666666,6610.851578328524
2021-05-22,6236.79725,6196.57916417288
2021-05-23,6440.464708333333,6219.574596393546
2021-05-24,7209.579666666667,6989.957058455955
2021-05-25,7476.919125,7168.091615705571
2021-05-26,6819.029166666667,6880.2493470665595
2021-05-27,6407.517666666667,6545.480608214699
2021-05-28,5748.345,5932.735498787822
2021-05-29,5076.351083333334,5209.5321636015215
2021-05-30,4916.363833333334,5103.459422316394
2021-05-31,5065.029583333333,5714.478973862875
2021-06-01,5839.455999999999,5374.934611441001
2021-06-02,5837.202,5958.196647050248
2021-06-03,6029.830458333334,5941.133569815839
2021-06-04,6464.423125,6262.0630998618635
2021-06-05,6489.68275,6219.993738080354
2021-06-06,6532.953458333333,6289.515200613159
2021-06-07,7148.910124999999,6883.399545366799
2021-06-08,7337.316041666666,7043.995280849391
2021-06-09,6943.755916666666,6899.338294861236
2021-06-10,7155.638750000001,6997.068719296414
2021-06-11,7197.332166666667,7062.911875959846
2021-06-12,7068.248083333333,6829.961244940316
2021-06-13,7019.535083333333,6946.3186550006685
2021-06-14,7063.027999999999,7089.397255055785
2021-06-15,6524.07375,6618.264796041066
2021-06-16,6227.237666666667,6370.048279925044
2021-06-17,6552.491708333334,6544.954550262351
2021-06-18,6561.4612916666665,6660.094595325755
2021-06-19,6391.938208333333,6263.758766580931
2021-06-20,7056.466,6772.579320487866
2021-06-21,7407.482083333333,7328.035522801001
2021-06-22,6012.842833333333,6501.0605563092395
2021-06-23,6033.970958333334,6118.695879179843
2021-06-24,6703.190291666667,6634.19379688971
2021-06-25,6930.974458333333,6855.453929435991
2021-06-26,7031.754833333333,6771.222879236224
2021-06-27,7304.472583333333,7135.968278125534
2021-06-28,8058.246791666667,7667.312068031309
2021-06-29,8235.000666666667,7811.575849120875
2021-06-30,7607.349166666667,7736.074476143996
2021-07-01,6914.53125,7114.680937455327
2021-07-02,6093.219,6583.559716385431
2021-07-03,5705.0768333333335,5873.09244024484
2021-07-04,6362.838958333334,6294.945805566122
2021-07-05,7359.907875,7419.8713720515625
2021-07-06,8242.679041666666,7482.914804277056
2021-07-07,8168.351958333333,7980.911186643534
2021-07-08,7507.987166666667,7676.65234809479
2021-07-09,6730.342833333333,6869.691837338462
2021-07-10,5866.104875,6204.447890531981
2021-07-11,6096.350375000001,6135.547716402634
2021-07-12,7351.474375000001,7084.570440655175
2021-07-13,7246.994166666666,7224.323406149579
2021-07-14,7514.539208333333,7270.879884428864
2021-07-15,7755.2991250000005,7609.6467536865275
2021-07-16,7410.39675,7324.679714302611
2021-07-17,6533.292708333333,6695.2106269994965
2021-07-18,6420.869041666666,6454.419223331973
2021-07-19,7313.004958333334,7177.7823886932765
2021-07-20,7546.731166666667,7395.835672256593
2021-07-21,7026.966708333333,7153.468572267271
2021-07-22,6684.746791666667,6922.2536591563885
2021-07-23,6732.5685416666665,6794.29702652585
2021-07-24,6847.986708333334,6651.318807776754
2021-07-25,7241.112875,7030.813094276358
2021-07-26,7855.231916666667,7792.061658997867
2021-07-27,7656.82175,7606.017830478398
2021-07-28,7872.638291666666,7633.535528228675
2021-07-29,7641.597708333334,7626.201586750083
2021-07-30,7217.109874999999,7339.2667535917035
2021-07-31,6236.833541666667,6558.461552612761
2021-08-01,6027.44225,6159.341729640606
2021-08-02,6493.97825,6732.420713431904
2021-08-03,6631.606333333333,6712.946300648831
2021-08-04,6847.532208333334,6859.022725525107
2021-08-05,7118.644583333334,7137.537699240398
2021-08-06,7321.857499999999,7085.965808454738
2021-08-07,6783.295375000001,6682.082113410859
2021-08-08,6965.128250000001,6864.454695741299
2021-08-09,7711.251125,7549.926040671129
2021-08-10,7820.207833333334,7698.143018810297
2021-08-11,7961.106625,7829.214518407087
2021-08-12,8160.822125,7973.6167572873055
2021-08-13,7714.455666666666,7616.090516804894
2021-08-14,6749.854916666667,7025.260524126601
2021-08-15,5916.899458333333,6396.249348808814
2021-08-16,6783.203750000001,6756.342684595986
2021-08-17,7127.488791666667,7017.030179632349
2021-08-18,7572.4437916666675,7395.2033093379405
2021-08-19,7470.137041666666,7580.706914253436
2021-08-20,7582.544958333333,7345.774620274424
2021-08-21,7217.608833333333,7166.704977443936
2021-08-22,7325.89575,7195.97744856063
2021-08-23,8175.88225,8025.718745244121
2021-08-24,8169.611458333334,8110.884586574294
2021-08-25,7850.189416666667,7740.7295285535665
2021-08-26,7892.58525,7793.820274233491
2021-08-27,8078.0242499999995,7919.534488481153
2021-08-28,7702.99325,7587.566969185853
2021-08-29,7547.073791666667,7605.326756939741
2021-08-30,7745.721291666666,7806.891495025564
2021-08-31,7213.713166666667,7478.5715642608475
2021-09-01,6775.807333333333,7125.206746303482
2021-09-02,6390.318166666667,6771.0979306206555
2021-09-03,6070.412458333333,6442.460113346816
2021-09-04,5907.815625,6016.7960474948395
2021-09-05,5870.252291666667,6090.46979222556
2021-09-06,5889.399541666667,6617.14735758383
2021-09-07,6829.383000000001,6348.2046628078915
2021-09-08,6733.5439166666665,6937.937138858237
2021-09-09,6206.962833333334,6430.209487178427
2021-09-10,6046.684291666667,6173.194289427622
2021-09-11,5772.839333333333,5855.306226362147
2021-09-12,6437.406666666667,6250.5263431024905
2021-09-13,7354.5740000000005,7118.3253765605405
2021-09-14,7614.546291666667,7482.213110116911
2021-09-15,6749.844916666666,6962.347514513412
2021-09-16,6649.305708333333,6747.532368079713
2021-09-17,7174.678416666667,6856.632668073356
2021-09-18,6877.042791666667,6831.465555685139
2021-09-19,6756.666249999999,6695.932301469851
2021-09-20,7124.882333333334,7267.378911075345
2021-09-21,6616.8647083333335,6788.606146226815
2021-09-22,6166.162833333333,6270.231146244219
2021-09-23,5732.124166666667,6127.944687519041
2021-09-24,5670.3483750000005,5852.1552440454825
2021-09-25,5168.563833333334,5347.501556058587
2021-09-26,5137.220833333334,5297.201797248219
2021-09-27,6093.507583333333,6282.334908381189
2021-09-28,6385.698333333334,6180.291180489046
2021-09-29,6000.333500000001,6212.021624379504
2021-09-30,5820.392166666667,5996.873967033515
2021-10-01,5692.840291666666,5782.263293146918
2021-10-02,5290.4058749999995,5388.836385465593
2021-10-03,5453.142124999999,5489.978180786378
2021-10-04,6143.272666666667,6198.3108407841355
2021-10-05,6265.904083333334,6159.318953780886
2021-10-06,6480.847458333334,6430.149679684877
2021-10-07,6411.091083333333,6395.642727353219
2021-10-08,6298.147541666666,6234.5413554192755
2021-10-09,5828.104916666667,5790.456833144968
2021-10-10,5875.224166666667,5884.084208765882
2021-10-11,6555.957458333333,6546.713927593904
2021-10-12,6439.359958333333,6447.170953982608
2021-10-13,6140.530208333334,6166.786650515391
2021-10-14,6554.679833333333,6528.348556192328
2021-10-15,6393.509958333333,6360.069489321832
2021-10-16,5161.316374999999,5367.1071825104655
2021-10-17,5015.010791666667,5081.101887834333
2021-10-18,5683.329874999999,5689.169899099502
2021-10-19,5782.974958333333,5779.353161964892
2021-10-20,5749.900708333334,5830.073538500212
2021-10-21,5748.1502083333335,5775.961620378848
2021-10-22,5659.146541666666,5584.737402826429
2021-10-23,5206.481458333333,5208.367302794798
2021-10-24,5149.758875,5158.227342337885
2021-10-25,5687.87875,5838.341874397018
2021-10-26,5786.744416666667,5653.3633411361
2021-10-27,5943.427333333333,5803.265672875961
2021-10-28,5778.272541666666,5915.82408574746
2021-10-29,5651.873124999999,5638.909023287114
2021-10-30,5220.995958333334,5186.127666385503
2021-10-31,5097.897916666667,5146.384257453861
2021-11-01,5743.654833333333,5726.204866417255
2021-11-02,6031.8083750000005,5859.90970683486
2021-11-03,6299.122208333333,6114.236797706591
2021-11-04,6348.602708333333,6196.093162545402
2021-11-05,6231.3885,6169.132908190344
2021-11-06,5801.943695652173,5574.075068644135
2021-11-07,5612.932333333333,5580.658114638607
2021-11-08,5991.734708333333,6049.802837553858
2021-11-09,5899.30525,5980.087086891417
2021-11-10,5830.341583333334,5885.180432497582
2021-11-11,5909.450250000001,5889.926550276962
2021-11-12,5963.885916666666,5804.753165143557
2021-11-13,5949.460708333333,5732.93177264724
2021-11-14,6121.240458333334,5892.364409211912
2021-11-15,6619.7891666666665,6540.46406889034
2021-11-16,6373.093333333333,6340.034063710272
2021-11-17,6013.35675,6300.029756418154
2021-11-18,6117.8320416666675,5916.008761542622
2021-11-19,6616.387708333333,6471.266253434716
2021-11-20,6189.422750000001,5887.733179747962
2021-11-21,5973.981500000001,5940.184925835659
2021-11-22,6591.028208333333,6686.029391938349
2021-11-23,6931.704875,6808.353874145153
2021-11-24,6591.418458333334,6477.277659730953
2021-11-25,5531.736541666666,6350.273967075055
2021-11-26,6107.267541666667,6013.366190649679
2021-11-27,6197.746375,5798.625813690683
2021-11-28,6090.955958333333,5973.629483675211
2021-11-29,6738.564833333334,6732.889262177452
2021-11-30,6429.6835,6385.351798515414
2021-12-01,6615.109916666667,6494.43603358449
2021-12-02,6138.799083333332,6277.222031034302
2021-12-03,6227.171875,6119.108726029598
2021-12-04,5962.390875,5899.72957075242
2021-12-05,6058.277833333334,5786.58568474853
2021-12-06,6523.9023333333325,6567.034989808018
2021-12-07,7374.651416666667,7423.550995676278
2021-12-08,7214.922583333333,7008.663374539919
2021-12-09,7099.083416666667,6841.059744771379
2021-12-10,6276.938916666667,6481.931059362125
2021-12-11,5831.787416666666,5774.395399990945
2021-12-12,6177.867458333333,6091.7539708025915
2021-12-13,6772.2269166666665,6684.531682393885
2021-12-14,6645.980291666667,6644.523720275404
2021-12-15,6260.480583333334,6453.163777621098
2021-12-16,6127.892333333333,6256.801361349336
2021-12-17,6450.064958333333,6294.053021881703
2021-12-18,6130.445083333333,5983.678384508669
2021-12-19,6395.589583333333,6311.939834722314
2021-12-20,6937.7529583333335,7003.255421805854
2021-12-21,6972.598666666666,6933.400803086595
2021-12-22,7007.591291666667,7074.833703969881
2021-12-23,6814.747666666666,6780.9247538068885
2021-12-24,5526.213291666667,6285.45127686227
2021-12-25,5034.129416666667,5246.988632543757
2021-12-26,5339.258333333333,5243.44774390105
2021-12-27,5957.950791666666,6054.191044705279
2021-12-28,6193.186375,6166.888025492228
2021-12-29,6086.427500000001,6182.680804414305
2021-12-30,5965.748166666667,6082.56246478504
2021-12-31,5524.354458333334,5849.593153089568
2022-01-01,5316.769708333333,5204.930602908355
2022-01-02,6095.039666666667,5831.191156377589
2022-01-03,6995.662458333333,7106.173075252824
2022-01-04,7070.132666666667,6696.738028718447
2022-01-05,6854.061583333333,6633.400456364362
2022-01-06,7615.031749999999,8022.266811437025
2022-01-07,7801.141666666666,7644.869778695058
2022-01-08,7136.436791666667,6694.111991511883
2022-01-09,6454.008916666667,6293.900786630101
2022-01-10,7599.07975,7852.987822465638
2022-01-11,7716.140625,7652.709043849409
2022-01-12,7050.3334583333335,6644.097387787973
2022-01-13,6753.326,6899.2480797512535
2022-01-14,6971.344333333333,6748.28081252126
2022-01-15,6961.8883749999995,6976.485049836529
2022-01-16,6971.987375000001,6955.605332161773
2022-01-17,7299.1695,7313.837105746794
2022-01-18,7261.422333333333,7197.1600016247285
2022-01-19,6953.846875,6766.727576171111
2022-01-20,7582.226291666667,7824.124660777103
2022-01-21,7810.9416249999995,7842.935605940631
2022-01-22,7553.262416666667,7235.434320233882
2022-01-23,7172.387916666667,7090.7391514514775
2022-01-24,7673.974041666667,7764.318965746334
2022-01-25,7358.000083333333,7677.121303831858
2022-01-26,8047.139416666666,8662.406395289005
2022-01-27,7976.240708333334,7235.327197239131
2022-01-28,7489.880208333333,7564.261129577548
2022-01-29,7581.1445416666675,8223.52725351551
2022-01-30,7077.898041666667,6610.957385276246
2022-01-31,7398.980208333333,7467.52969509862
2022-02-01,6946.847041666667,6672.722475151613
2022-02-02,6867.867958333333,6791.662656675423
2022-02-03,7104.4745416666665,7233.495996518925
2022-02-04,7131.663375,7653.838901213689
2022-02-05,7230.120416666668,7142.520064268886
2022-02-06,7008.128,6764.984185742626
2022-02-07,7229.046416666667,7327.900687716443
2022-02-08,7416.636083333334,7380.401997349303
2022-02-09,6882.948,6579.639649451688
2022-02-10,6826.222333333334,6976.260057035477
2022-02-11,6826.4865,6432.411794792145
2022-02-12,6644.6393333333335,6738.738412742305
2022-02-13,7032.990624999999,7263.883700776626
2022-02-14,7736.436416666667,7950.3243545147525
2022-02-15,7350.656583333333,6998.630711936519
2022-02-16,6545.347166666666,6611.971390137159
2022-02-17,6466.649541666667,6436.589485087932
2022-02-18,7244.2645,7206.741811239263
2022-02-19,6946.036958333333,6848.988762444317
2022-02-20,6532.737833333333,6387.046175561586
2022-02-21,6264.622375,6653.777844174479
2022-02-22,6220.414291666667,6330.884533883567
2022-02-23,6892.167708333333,6782.226586521586
2022-02-24,7092.05125,6943.802626097093
2022-02-25,7150.215208333334,7035.843503158883
2022-02-26,6725.328041666667,6887.481828514849
2022-02-27,6374.393,6324.659862358647
2022-02-28,6665.541583333333,6786.528800483026
2022-03-01,6381.789250000001,6437.362280798121
2022-03-02,6183.693916666667,6408.18758577145
2022-03-03,6528.165333333333,6513.643133380701
2022-03-04,6615.364916666666,6549.05192420788
2022-03-05,5644.906416666668,5872.675983684127
2022-03-06,5226.716833333333,5890.581042910945
2022-03-07,6307.378043478261,5700.579357912669
2022-03-08,6665.491541666666,6781.084112675629
2022-03-09,6663.495625,6521.059153171303
2022-03-10,6552.270041666667,6605.656137725396
2022-03-11,6551.774375,6428.276346639863
2022-03-12,7007.976875,7075.279329090714
2022-03-13,6828.496,6385.50316420463
2022-03-14,6441.873916666666,6734.113935196152
2022-03-15,6146.344375000001,6367.292442447921
2022-03-16,5993.213875,6196.5306277047275
2022-03-17,5841.336916666667,6111.17515566613
2022-03-18,5707.843250000001,5834.234077808461
2022-03-19,5426.817416666667,5382.536705814934
2022-03-20,5542.791333333334,5558.2083658294305
2022-03-21,5929.888958333333,6114.926575755069
2022-03-22,5978.6815,6018.504156259895
2022-03-23,5887.718666666667,6103.866657556525
2022-03-24,5977.559416666667,5844.624381180841
2022-03-25,6343.917791666667,6037.021874636954
2022-03-26,6315.784375,6152.056121068337
2022-03-27,6497.92025,6489.726135774244
2022-03-28,7092.267958333334,7155.122290894477
2022-03-29,6841.841458333333,6668.865769578514
2022-03-30,6183.592625,6461.749717820592
2022-03-31,5907.9615,6018.716316153726
2022-04-01,6375.263291666666,6127.856102767185
2022-04-02,5905.970958333332,5914.937895835593
2022-04-03,5746.424375,5779.254481364978
2022-04-04,6387.699874999999,6264.844953586493
2022-04-05,6136.633666666666,6344.3437174531055
2022-04-06,6042.071875000001,6084.288940251676
2022-04-07,6066.605333333333,6053.548179351847
2022-04-08,6186.126833333333,6110.470406970807
2022-04-09,5972.341708333333,5884.695673264246
2022-04-10,5644.01325,5745.656861640535
2022-04-11,6146.455541666666,6159.531308759294
2022-04-12,5904.057833333333,6263.728162105734
2022-04-13,5767.906375,6127.867975713352
2022-04-14,5614.5588333333335,5611.302863092249
2022-04-15,5408.669208333334,5736.929907170711
2022-04-16,5098.022416666667,5060.1369971073
2022-04-17,5298.712333333334,5384.1772548793115
2022-04-18,6508.003333333333,5990.63268084201
2022-04-19,6658.302625,6492.559911578667
2022-04-20,6300.659124999999,6303.260551591717
2022-04-21,5901.911416666667,6171.581964002445
2022-04-22,5793.878708333334,5804.132251183763
2022-04-23,5475.149208333333,5848.815861372392
2022-04-24,5645.24425,5721.08732688573
2022-04-25,6032.932291666667,6047.59046344843
2022-04-26,5726.725083333334,5817.222893762326
2022-04-27,6006.203791666667,5790.332712535839
2022-04-28,6070.342333333333,5941.716965444298
2022-04-29,5821.165333333333,5891.909313766824
2022-04-30,5310.196541666667,5424.992295586349
2022-05-01,5257.807958333334,5564.212524385194
2022-05-02,5722.305791666667,5703.575066584122
2022-05-03,5876.6653750000005,5864.286020792939
2022-05-04,5732.01925,5777.720475485211
2022-05-05,5730.402708333334,5711.6839031365935
2022-05-06,5823.653833333334,5679.5277580491
2022-05-07,5262.649916666666,5347.069239165276
2022-05-08,5148.7716666666665,5224.506043280993
2022-05-09,5753.1635,5943.640057535084
2022-05-10,6068.718916666666,6085.9778868592775
2022-05-11,6362.765041666667,6225.633192777634
2022-05-12,6387.874583333333,6239.886644205017
2022-05-13,6568.503625,6467.527145954302
2022-05-14,6031.53375,5855.400816117366
2022-05-15,6006.805958333333,6017.040349310375
2022-05-16,6047.657083333333,6214.6973738172965
2022-05-17,6037.863833333333,6003.503165816008
2022-05-18,5902.468,5982.1132576530335
2022-05-19,6286.214166666668,6133.997424846312
2022-05-20,6840.1175416666665,6573.274894538678
2022-05-21,6560.929375,6239.6784959198685
2022-05-22,5523.743625,5988.130800032042
2022-05-23,5632.464875000001,5791.697185306368
2022-05-24,5879.385583333333,5876.808356258034
2022-05-25,6399.464916666667,6267.128173913718
2022-05-26,6348.991541666666,6260.469799617244
2022-05-27,5958.957208333333,6017.3195299901045
2022-05-28,5375.311791666666,5565.987809338156
2022-05-29,5718.623333333333,5588.929266285718
2022-05-30,6450.967375,6801.487940433121
2022-05-31,7451.6723,6670.439598951144
2022-06-01,7766.455652173913,7319.3537693114795
2022-06-02,6585.2276249999995,6904.54149330283
2022-06-03,6340.254708333334,6311.76583981411
2022-06-04,5723.309083333334,5852.249160013838
2022-06-05,5831.606916666667,5826.379402147719
2022-06-06,6492.457458333333,6365.7312609495475
2022-06-07,6706.603666666667,6599.332286208602
2022-06-08,6654.852833333333,6582.30935515882
2022-06-09,6224.3695,6345.276346389943
2022-06-10,6198.401875,6193.110139722648
2022-06-11,5835.686708333334,5861.892372063614
2022-06-12,6217.270375,5979.222782345929
2022-06-13,7802.674,7234.384206914459
2022-06-14,7465.198166666666,7781.478780277245
2022-06-15,8419.975291666668,7873.2554136015315
2022-06-16,8649.5295,8136.865981306488
2022-06-17,7923.679458333333,8057.575323690706
2022-06-18,5796.013416666668,6326.515083482298
2022-06-19,5469.002125,5683.4294725107
2022-06-20,6292.128041666667,6409.458953380115
2022-06-21,7529.465375,7013.923260562215
2022-06-22,8374.786125,7947.624159894806
2022-06-23,7508.020166666666,7567.537155114507
2022-06-24,7160.995583333333,7148.08867930809
2022-06-25,6930.9650833333335,6848.853807943702
2022-06-26,7181.168875,7011.585777686805
2022-06-27,6854.2742916666675,7179.515138889228
2022-06-28,6590.435750000001,6718.585074017394
2022-06-29,6961.64275,6939.170520856729
2022-06-30,7483.08075,7277.143835907805
2022-07-01,7914.688666666666,7792.597314764489
2022-07-02,6949.294833333333,7030.705012294432
2022-07-03,6731.612,6941.461329525364
2022-07-04,6887.2375,7274.875461705733
2022-07-05,7362.774666666667,6857.098302973428
2022-07-06,7276.731791666666,7289.767184409657
2022-07-07,7561.551208333333,7360.21869601113
2022-07-08,6752.259958333333,7062.254212752312
2022-07-09,6534.810375,6498.197818152973
2022-07-10,6527.987791666666,6491.140921089971
2022-07-11,7559.6106666666665,7291.613940728823
2022-07-12,7960.3999583333325,7770.014990719314
2022-07-13,7423.647541666666,7490.595907895641
2022-07-14,7227.429916666667,7219.597637247823
2022-07-15,7042.275791666667,7179.338323905243
2022-07-16,6488.382291666666,6400.784500712403
2022-07-17,6273.866708333334,6545.939558214246
2022-07-18,7125.521874999999,6916.744994707673
2022-07-19,7828.122958333333,7536.830711658551
2022-07-20,8357.733125,8027.927966337574
2022-07-21,8187.000833333333,8073.9614681043095
2022-07-22,8066.668708333334,7913.7789098259855
2022-07-23,6972.759625,7167.4457944088035
2022-07-24,7453.301375,7246.1187533591055
2022-07-25,7889.533916666667,7806.693530687557
2022-07-26,6916.192791666667,7407.115517906799
2022-07-27,7235.5654583333335,7189.076761006298
2022-07-28,7777.513291666666,7545.425921265952
2022-07-29,7236.371875,7458.91094942575
2022-07-30,6390.5872500000005,6586.259523256793
2022-07-31,6199.5252083333335,6379.647073944868
2022-08-01,7138.979791666666,7090.761195796672
2022-08-02,7674.717791666667,7565.94948461884
2022-08-03,8013.990000000001,7802.935672035801
2022-08-04,7943.85125,7823.581302990127
2022-08-05,7393.467583333334,7453.594548363229
2022-08-06,7046.553333333333,7023.711336499426
2022-08-07,7372.208125,7143.920401818389
2022-08-08,8102.699333333334,8006.879521355024
2022-08-09,7770.244333333333,7926.146259088315
2022-08-10,7088.437541666666,7390.315117275379
2022-08-11,6919.376541666667,7017.799471827573
2022-08-12,6425.0230833333335,6720.761155330818
2022-08-13,5676.600583333333,6122.367521131114
2022-08-14,5486.4127499999995,5682.7973994295635
2022-08-15,6561.0235416666665,6494.025381551467
2022-08-16,6477.510791666667,6673.426780810287
2022-08-17,6761.016083333333,6717.117712798103
2022-08-18,6913.046249999999,6828.485275305678
2022-08-19,7067.5375416666675,7002.0465419487755
2022-08-20,6521.91225,6436.71701142136
2022-08-21,6086.16075,6274.964107829924
2022-08-22,6738.458958333334,6762.148451344119
2022-08-23,6983.278125,6908.248311695327
2022-08-24,7065.682,6974.848058506777
2022-08-25,7143.998416666666,7130.335912031593
2022-08-26,7100.453750000001,7098.623722694489
2022-08-27,6479.486666666667,6510.987670527264
2022-08-28,6878.830125,6763.495038154917
2022-08-29,7866.679208333334,7515.93254944056
2022-08-30,7152.67525,7464.665514606214
2022-08-31,6911.837041666667,6948.186187582544
2022-09-01,7049.962625,7025.796791715533
2022-09-02,7131.772666666667,7127.499522112399
2022-09-03,6215.770083333333,6436.407238397658
2022-09-04,6008.963958333334,6250.567779243876
2022-09-05,6239.846458333333,6729.354071501045
2022-09-06,6625.875583333333,6302.439785595614
2022-09-07,6595.77175,6747.913374720438
2022-09-08,6535.352916666667,6573.335584427231
2022-09-09,6827.680416666666,6673.360234450734
2022-09-10,6198.576416666667,6328.625396693442
2022-09-11,6081.118166666667,6019.632928870822
2022-09-12,6383.566541666667,6523.86860405805
2022-09-13,6025.968833333333,6309.105639085046
2022-09-14,6317.130541666666,6305.302129694371
2022-09-15,6475.9411666666665,6451.270913574614
2022-09-16,6526.354791666666,6479.174772283646
2022-09-17,6064.8883749999995,6145.860999001916
2022-09-18,6081.760083333334,6081.291663770951
2022-09-19,6779.665291666667,6668.191814432877
2022-09-20,6820.300458333334,6815.220480715465
2022-09-21,7262.6755,7097.431850426621
2022-09-22,6169.262416666667,6541.6129674750855
2022-09-23,5610.1627499999995,5849.89267348877
2022-09-24,5271.371125000001,5368.360637469054
2022-09-25,5294.976875,5415.360693810979
2022-09-26,5716.270208333332,5841.829869942408
2022-09-27,5658.513583333333,5790.361663557256
2022-09-28,5802.631833333333,5787.799943515643
2022-09-29,5756.394375,5842.331379501263
2022-09-30,5576.9172499999995,5680.076153545999
2022-10-01,5158.79145,5182.773552904012
2022-10-06,5869.546478260869,5746.974010133034
2022-10-07,5661.945124999999,5848.730423118081
2022-10-08,5362.802083333333,5267.112951233823
2022-10-09,5319.027833333334,5395.439226138378
2022-10-10,5769.043166666666,5827.803730363819
2022-10-11,5801.406125,5714.198288006146
2022-10-12,5770.4901666666665,5975.253509581331
2022-10-13,5649.768166666666,5573.626579027582
2022-10-14,5598.615125,5714.061300632586
2022-10-15,5097.507791666667,5186.294210778649
2022-10-16,5148.158375,5200.792910079275
2022-10-17,5905.255833333334,5699.221650413725
2022-10-18,6381.978041666666,5934.202807090834
2022-10-19,6420.38425,6270.797346518542
2022-10-20,6349.860125,6162.8319434996065
2022-10-21,5927.572375,6152.59961716436
2022-10-22,5333.373916666666,5515.446350742615
2022-10-23,5200.791458333333,5488.423368100669
2022-10-24,5719.311416666666,5709.886713394384
2022-10-25,5780.402833333334,5901.547883285916
2022-10-26,5764.905041666666,5563.476580560045
2022-10-27,5800.47075,5759.976122459048
2022-10-28,5799.636083333334,5803.311453231481
2022-10-29,5371.681166666666,5321.093319910922
2022-10-30,5267.01225,5391.129826492625
2022-10-31,5727.517666666667,5879.15540179904
2022-11-01,5754.738625000001,5581.767568632931
2022-11-02,5860.085375,5763.11006024236
2022-11-03,5838.932041666667,5798.157842702218
2022-11-04,5629.949666666666,6040.046053624057
2022-11-05,5198.324652173913,5436.679126457225
2022-11-06,5165.1987500000005,5197.579681388668
2022-11-07,5669.067041666666,5498.344153822442
2022-11-08,5867.445291666667,5604.164570580841
2022-11-09,5914.311000000001,5887.189472051715
2022-11-10,5783.874083333333,5846.296854691711
2022-11-11,5711.062458333334,5758.628993470334
2022-11-12,5731.012458333334,5427.229740050706
2022-11-13,5991.2395,5848.910841673371
2022-11-14,6519.5848750000005,6340.597024211964
2022-11-15,6773.633708333334,6292.592313457929
2022-11-16,6819.550125000001,6677.099958784919
2022-11-17,7097.7210000000005,6812.477387891594
2022-11-18,7168.8192500000005,7062.098661006269
2022-11-19,6845.290083333333,6682.165034863626
2022-11-20,6848.4935000000005,6995.537268401736
2022-11-21,7041.537125,6653.290444254341
2022-11-22,6643.436458333334,6636.432740180942
2022-11-23,6418.809625000001,6518.59725689232
2022-11-24,5603.1845,6199.15797533433
2022-11-25,5367.168416666666,5667.019438070252
2022-11-26,5678.503125,5269.277490688422
2022-11-27,5605.681541666666,5672.549868088064
2022-11-28,6363.6071249999995,6203.875579938228
2022-11-29,6253.733583333334,6132.279627802399
2022-11-30,6526.699125,6408.372784787209
2022-12-01,7035.660291666667,6959.18184392832
2022-12-02,6707.715666666667,6383.8759040220975
2022-12-03,5940.922125,6104.1530792572685
2022-12-04,6488.01775,6510.205897555087
2022-12-05,6894.228125000001,6558.343272359615
2022-12-06,6452.812416666667,6478.735800579566
2022-12-07,6255.287666666667,6370.768519446344
2022-12-08,6470.177250000001,6244.5910018665345
2022-12-09,6448.66825,6509.022187819061
2022-12-10,6037.115958333333,6004.3974252222815
2022-12-11,5938.534625,6022.760811208463
2022-12-12,6695.152999999999,6543.773928595033
2022-12-13,6793.583041666666,6711.871406764607
2022-12-14,6939.916333333334,6663.5686251925445
2022-12-15,6537.28475,6623.495500125917
2022-12-16,6708.353375,6687.814668781541
2022-12-17,6654.892374999999,6539.389864406865
2022-12-18,6927.645083333333,7003.209138780812
2022-12-19,7576.730583333334,7723.809877564489
2022-12-20,7511.521833333333,7112.7237411896185
2022-12-21,7298.15925,7290.937623484405
2022-12-22,6856.607208333334,6690.291773253276
2022-12-23,8470.338041666668,10204.969451226218
2022-12-24,8194.812375,7645.272934350554
2022-12-25,7455.271041666667,7921.2882620209875
2022-12-26,7451.241458333334,7626.008687175774
2022-12-27,7206.2395,6583.02770688056
2022-12-28,6908.870041666666,6847.208543024485
2022-12-29,6372.067666666667,6366.293790442656
2022-12-30,5704.8335,6323.170442186053
2022-12-31,5492.483541666667,5261.111714075172
2023-01-01,5522.257291666666,5697.713714611198
2023-01-02,5615.409333333333,6016.88268915376
2023-01-03,5961.219083333333,5758.057878757706
2023-01-04,5926.14075,6048.8882249542185
2023-01-05,6490.663166666666,6054.645767944457
2023-01-06,6762.896708333334,6599.17872390838
2023-01-07,6467.669041666667,6348.078356428687
2023-01-08,6474.170166666667,6360.673641524829
2023-01-09,7124.931541666666,7023.530880490119
2023-01-10,7100.456208333333,6773.882534750022
2023-01-11,6858.722624999999,6824.6455644078
2023-01-12,6569.225125,6531.7935655527735
2023-01-13,7075.652791666666,6915.713886383366
2023-01-14,6901.4735,7001.400607013128
2023-01-15,6818.992458333333,6846.888206592833
2023-01-16,7033.351125,6792.85088049538
2023-01-17,6431.818916666667,6574.719851321278
2023-01-18,6609.928333333333,6612.561702215332
2023-01-19,6372.558041666667,6379.949142616613
2023-01-20,6869.935416666667,6663.963473361366
2023-01-21,6586.466541666666,6572.320555703821
2023-01-22,6724.343083333333,6617.070442088524
2023-01-23,7177.11075,7158.989635834025
2023-01-24,7097.143625000001,7081.912553580737
2023-01-25,6966.813125000001,6853.286697635822
2023-01-26,7134.533916666667,7077.076213857966
2023-01-27,7059.735291666667,7122.205256551295
2023-01-28,6131.54575,6168.838946778694
2023-01-29,6199.113086956521,6131.968957011424
2023-01-30,7037.067,7120.845276032142
2023-01-31,7574.887374999999,7706.498703465022
2023-02-01,7556.310333333334,7657.584591906217
2023-02-02,7361.726625,7069.620925859562
2023-02-03,7740.043833333333,7980.822371523216
2023-02-04,7247.120708333333,6806.6696272794115
2023-02-05,6306.8303750000005,6410.618170740356
2023-02-06,6905.841666666667,7064.412262582086
2023-02-07,6729.194875,6488.344824531626
2023-02-08,6443.353875,6883.0241452005985
2023-02-09,6219.917833333333,6281.905733119555
2023-02-10,6612.507541666667,6470.910851615407
2023-02-11,6435.7235,6591.451635078579
2023-02-12,6162.228541666666,6188.897046519829
2023-02-13,6516.078833333333,6605.214639439019
2023-02-14,6477.016333333333,6426.6084885406835
2023-02-15,5980.764041666666,6580.6137343129085
2023-02-16,6137.489833333333,5905.653225897365
2023-02-17,6837.875625000001,6775.93390751127
2023-02-18,6493.469916666666,6416.407464280082
2023-02-19,5915.351541666667,6016.9562752479615
2023-02-20,6225.0997916666665,6376.9264733539
2023-02-21,6338.191083333334,6275.805451793211
2023-02-22,6586.025666666667,6340.7456953856545
2023-02-23,5966.364041666667,6647.6787431161065
2023-02-24,6459.750791666666,6232.576201393399
2023-02-25,6145.394791666667,6076.333163598879
2023-02-26,5964.569875,6040.437193123691
2023-02-27,6487.145625,6311.007604742275
2023-02-28,6328.716874999999,6492.317693025258
2023-03-01,6151.106625,6269.884091682454
2023-03-02,5999.222708333334,6149.62670453756
2023-03-03,6495.7955,6127.697634549599
2023-03-04,5822.162541666666,6096.805472865033
2023-03-05,5735.243541666667,5775.486217692092
2023-03-06,6150.5850833333325,6206.394166348166
2023-03-07,6260.6345,6299.908617513262
2023-03-08,6636.580875,6463.604596579986
2023-03-09,6491.232708333333,6495.783459391459
2023-03-10,6607.540791666666,6484.849143459914
2023-03-11,6282.713833333334,6325.198221237329
2023-03-12,6415.279136363636,6255.118619549472
2023-03-13,6946.446291666667,6946.587192440319
2023-03-14,7250.014375,7096.592908987131
2023-03-15,6814.0529166666665,6894.065555635989
2023-03-16,6442.498916666667,6356.566183183921
2023-03-17,6377.510791666667,6482.01205010032
2023-03-18,6648.721041666667,6629.023282621866
2023-03-19,6788.862666666667,6771.08568913341
2023-03-20,6871.737125,6763.0750806264
2023-03-21,6497.252083333333,6490.958495269437
2023-03-22,6348.079208333334,6445.537136187533
2023-03-23,6088.955125,6325.644074717733
2023-03-24,6270.362875,6214.114903508127
2023-03-25,5587.792416666667,5795.902856339309
2023-03-26,5521.098000000001,5667.345993144215
2023-03-27,6136.143041666666,6103.685636202404
2023-03-28,6297.879708333334,6271.6884551187895
2023-03-29,6426.6925833333335,6359.728909613346
2023-03-30,6347.850875,6376.294686309552
2023-03-31,6222.803666666667,6186.7850624575785
2023-04-01,5552.198291666667,5808.05212823759
2023-04-02,5838.784708333333,5754.165071704045
2023-04-03,6063.707125,6222.8136200217195
2023-04-04,5824.647791666666,6213.407683906455
2023-04-05,5957.125375,6185.735320192814
2023-04-06,5894.1815,5686.917373518002
2023-04-07,5896.185,6039.611855289595
2023-04-08,5595.354416666666,5521.650909354734
2023-04-09,5379.420791666666,5571.2913807945115
2023-04-10,5888.8043333333335,5926.402929907721
2023-04-11,5844.888041666666,5960.837870041688
2023-04-12,5832.673791666667,6094.542366882486
2023-04-13,5917.306125,5901.012307084772
2023-04-14,5711.021791666666,5942.729453874539
2023-04-15,5464.319166666667,5528.547090949863
2023-04-16,5264.445,5313.309617430338
2023-04-17,6156.685916666666,5845.08911507757
2023-04-18,6161.5585833333325,6031.215900063602
2023-04-19,6032.888083333334,6086.979006652413
2023-04-20,6040.050041666666,6381.275598147107
2023-04-21,5795.755958333334,5779.386251074571
2023-04-22,5315.1594583333335,5237.275602555205
2023-04-23,5630.718333333333,5463.783679245013
2023-04-24,6221.567083333332,6125.79785664991
2023-04-25,6256.037708333333,6058.529102843206
2023-04-26,6013.392124999999,6122.1368142080155
2023-04-27,5935.294875,5888.032663320538
2023-04-28,5808.029666666666,5945.629072384892
2023-04-29,5357.908625,5378.457216685232
2023-04-30,5300.543083333333,5359.084046296984
2023-05-01,6311.364833333333,5961.785389507014
2023-05-02,6419.078208333333,6235.77888430705
2023-05-03,6314.198916666667,6246.078075602896
2023-05-04,5952.395833333333,6107.432856040672
2023-05-05,5788.850208333333,5921.194211602178
2023-05-06,5296.588125,5593.380567167123
2023-05-07,5372.477125,5513.016448599434
2023-05-08,5994.378583333334,6019.734075059548
2023-05-09,5877.115291666666,5866.234256538005
2023-05-10,5935.0612083333335,5910.575067189176
2023-05-11,6063.382208333333,6144.516332086733
2023-05-12,5962.918166666666,6065.251334082456
2023-05-13,5649.3525,5595.221078799534
2023-05-14,5515.681791666667,5671.841251165626
2023-05-15,5980.976041666666,5917.074646682595
2023-05-16,5910.904958333333,5891.189611661703
2023-05-17,5730.2290416666665,5837.127261362754
2023-05-18,5819.5765,5702.406513290182
2023-05-19,6007.477708333333,6264.186037530333
2023-05-20,5437.083874999999,5245.889017658314
2023-05-21,5322.668416666666,5460.687094280045
2023-05-22,6031.121041666666,5983.903447430554
2023-05-23,6297.248625,6182.037373164227
2023-05-24,6290.485250000001,6182.371432284557
2023-05-25,5779.962333333333,5876.700871746443
2023-05-26,5725.648458333333,5816.518885546103
2023-05-27,5270.577333333334,5463.9611824977455
2023-05-28,5225.95875,5418.023160076457
2023-05-29,5823.637625,6188.477038244143
2023-05-30,6921.062541666666,5988.768194848722
2023-05-31,6886.390444444445,6937.416929286069
2023-06-01,6719.573166666666,6381.282408914365
2023-06-02,7094.636291666667,7112.278424178582
2023-06-03,6769.3255,6568.065817268158
2023-06-04,6198.242208333333,6252.9383928118805
2023-06-05,6178.1984999999995,6292.661500631193
2023-06-06,6151.159166666667,6212.379914740358
2023-06-07,6017.411833333333,6007.572701434125
2023-06-08,5925.528333333333,5954.927932399887
2023-06-09,6007.987708333333,6044.248620432201
2023-06-10,5801.9750416666675,5825.123995633197
2023-06-11,5535.228916666667,5598.871821907374
2023-06-12,5926.990541666666,5892.000139114875
2023-06-13,5769.545708333334,5829.7451837135395
2023-06-14,6053.302291666667,6000.860835260765
2023-06-15,6269.053666666667,6093.11060214177
2023-06-16,5968.5507916666675,6052.736625930234
2023-06-17,5653.456208333333,5625.491257582284
2023-06-18,5887.0805,5869.174266145388
2023-06-19,6408.005125,6398.645058217263
2023-06-20,6522.592625,6288.715346588269
2023-06-21,6877.530749999999,6742.152652638621
2023-06-22,6325.8185,6352.250052721546
2023-06-23,6340.43875,6277.103666163309
2023-06-24,6380.946458333333,6137.2076289936595
2023-06-25,6644.1895,6470.870931036467
2023-06-26,6928.696708333333,6900.507828800614
2023-06-27,6322.935791666667,6512.312092217186
2023-06-28,6658.711875,6436.5069865153755
2023-06-29,7115.699333333334,6926.259153016526
2023-06-30,7437.231833333334,7201.0151481570065
2023-07-01,6928.836333333333,6843.462444162165
2023-07-02,6605.298125,6582.483504163043
2023-07-03,6508.344625000001,6923.69488998359
2023-07-04,6909.3474166666665,6862.345624262005
2023-07-05,7809.4189166666665,7213.186000825901
2023-07-06,7696.888583333333,7444.634030646611
2023-07-07,7482.1994583333335,7479.683287081449
2023-07-08,6649.107541666667,6684.912115162827
2023-07-09,6459.048333333333,6496.359312439672
2023-07-10,7115.5435,6964.237327524141
2023-07-11,7438.096833333333,7283.707794367379
2023-07-12,7753.7055,7587.7874963827835
2023-07-13,7966.386125,7759.091430570162
2023-07-14,7866.430791666667,7755.209156981409
2023-07-15,6727.406083333334,6938.271082123999
2023-07-16,6880.610416666666,6769.712051853374
2023-07-17,7376.540875,7387.481676785381
2023-07-18,7126.176416666666,7090.126982056992
2023-07-19,7485.423791666667,7431.2804874033545
2023-07-20,7828.103708333333,7508.2109111502305
2023-07-21,7032.687958333333,7297.644871100935
2023-07-22,6517.98075,6612.687023184122
2023-07-23,6493.517124999999,6510.269234430574
2023-07-24,7297.069375,6993.130617820885
2023-07-25,7403.955916666666,7411.1178541633435
2023-07-26,8002.811958333333,7819.936755376314
2023-07-27,8466.387125,8064.784748513668
2023-07-28,7703.852583333333,7889.065194087114
2023-07-29,7179.397249999999,7143.626870254364
2023-07-30,6711.695454545454,6975.185425278709
2023-07-31,7033.934416666667,7078.5115276991
2023-08-01,6872.025624999999,7056.502807976689
2023-08-02,7069.116958333333,7065.9180491053385
2023-08-03,7473.193083333333,7361.5566139514995
2023-08-04,7691.8665,7502.55510120206
2023-08-05,6867.588500000001,7104.670345916129
2023-08-06,7003.385125,6954.790079888357
2023-08-07,7048.5718333333325,7166.186449525816
2023-08-08,7085.784958333334,7131.737399877327
2023-08-09,7201.176666666666,7152.056741996468
2023-08-10,7185.192,7204.945776982055
2023-08-11,7297.8341666666665,7276.479366210549
2023-08-12,7265.253166666666,7150.2992550018935
2023-08-13,6958.429916666667,7016.421324407941
2023-08-14,7022.310833333333,7215.912969832536
2023-08-15,6743.52625,6858.386642375679
2023-08-16,6812.165291666667,6934.4860661024195
2023-08-17,6888.287458333333,6846.762894636537
2023-08-18,6413.904374999999,6766.233943178277
2023-08-19,6017.648208333333,6056.6679208668575
2023-08-20,6764.363208333333,6593.8367018609715
2023-08-21,8157.799583333333,7750.41728577794
2023-08-22,7632.340833333333,7591.262504530259
2023-08-23,7721.471833333333,7731.059468808424
2023-08-24,7860.0349166666665,7631.221473028787
2023-08-25,7917.538666666666,7868.205754766909
2023-08-26,6853.148,6993.99485943427
2023-08-27,6374.290875,6597.674257429209
2023-08-28,6661.629291666667,6810.3587668567025
2023-08-29,6632.659124999999,6749.350094019626
2023-08-30,6314.950291666667,6658.105608289643
2023-08-31,6297.433458333333,6436.79944141774
2023-09-01,6458.667833333333,6534.395420030059
2023-09-02,6591.487833333334,6477.012612392957
2023-09-03,7034.242958333333,6926.660319287484
2023-09-04,7261.595791666667,7498.94285530432
2023-09-05,8031.472041666667,7413.888348724188
2023-09-06,7912.294166666667,7864.421710909778
2023-09-07,7219.0105416666665,7351.506097622396
2023-09-08,6719.873583333333,6990.204893502389
2023-09-09,5990.837583333334,6146.676251464781
2023-09-10,5981.632791666667,6071.970257887055
2023-09-11,6582.266416666666,6600.81107971947
2023-09-12,6288.166958333334,6586.70771285609
2023-09-13,6208.174375,6283.022437822952
2023-09-14,6022.733791666667,6268.374168094892
2023-09-15,5880.001541666667,6066.109218530302
2023-09-16,5463.697,5584.39930019801
2023-09-17,5523.9484999999995,5674.118022763161
2023-09-18,5986.339333333333,6064.823575435117
2023-09-19,5925.200916666666,6052.725474978395
2023-09-20,6275.517708333333,6290.320301772827
2023-09-21,6375.067749999999,6406.562065731574
2023-09-22,6226.492958333333,6307.308143001011
2023-09-23,5512.075583333334,5632.248083176828
2023-09-24,5442.613708333333,5556.869386487344
2023-09-25,6092.207791666667,6038.193560995518
2023-09-26,6128.486958333334,6227.9066022516245
2023-09-27,6120.65125,6140.303869563909
2023-09-28,6121.001916666667,6107.020898361513
2023-09-29,6088.380833333333,6158.9669288807245
2023-09-30,5745.877291666667,5704.459630357697
2023-10-01,5859.343916666666,5842.067070153051
2023-10-02,6659.196958333334,6469.235991382886
2023-10-03,6902.07925,6730.263728686238
2023-10-04,6822.1116250000005,6847.285065830014
2023-10-05,6445.904291666667,6504.524647477387
2023-10-06,6116.744291666667,6145.01944537206
2023-10-07,5259.285791666666,5419.0163880572445
2023-10-08,5411.334,5280.764436858273
2023-10-09,5859.723583333333,5958.916922979609
2023-10-10,5879.06525,5876.458070287303
2023-10-11,5925.862458333333,5938.284618511469
2023-10-12,5923.750583333333,6037.656438300589
2023-10-13,5777.2446666666665,5868.650905547891
2023-10-14,5401.934333333334,5298.375503128675
2023-10-15,5346.540458333334,5363.711170206161
2023-10-16,5967.656125,5860.819673104429
2023-10-17,5996.3386666666665,5965.6529452892255
2023-10-18,6043.7849166666665,5986.207565829244
2023-10-19,6066.959041666666,6015.913817865385
2023-10-20,5899.862375000001,5925.083288438387
2023-10-21,5525.836875,5422.279582924344
2023-10-22,5492.722458333334,5500.115506671642
2023-10-23,6140.866625,5983.4863895991175
2023-10-24,6091.813708333334,6234.582606499864
2023-10-25,5938.934583333333,6257.412225397786
2023-10-26,5962.863791666667,5949.637934966261
2023-10-27,5873.698208333334,5973.063255469348
2023-10-28,5340.441875,5312.422067206179
2023-10-29,5345.396083333333,5293.857716775476
2023-10-30,6111.567625,5918.887161050839
2023-10-31,6551.188625,6352.363269252277
2023-11-01,6727.7285,6530.456850403765
2023-11-02,6767.914125,6429.716574755557
2023-11-03,6376.736,6338.339400353516
2023-11-04,5646.749739130435,5807.655790058207
2023-11-05,5627.348666666666,5548.9894779166425
2023-11-06,6123.7100833333325,6140.559375033046
2023-11-07,5957.813125,6203.109644886068
2023-11-08,6140.5446249999995,5943.258090805901
2023-11-09,5982.246708333333,6168.405894351382
2023-11-10,6005.5325,5853.600495034321
2023-11-11,5954.432083333333,5735.479945293611
2023-11-12,5941.7035,5834.39960692228
2023-11-13,6431.594708333333,6345.656982733199
2023-11-14,6401.885416666667,6397.9083081280105
2023-11-15,6405.532166666667,6293.654771841358
2023-11-16,6267.129791666666,6305.791184107731
2023-11-17,6122.323875000001,6150.755564259968
2023-11-18,5906.825041666667,5803.702123125335
2023-11-19,6051.430791666667,5870.129611721992
2023-11-20,6646.472166666666,6485.038565932897
2023-11-21,6526.127666666667,6490.377715994057
2023-11-22,6420.837333333333,6559.708436854849
2023-11-23,5753.65075,6396.50927506497
2023-11-24,6079.739875,6006.040678675521
2023-11-25,6235.408708333333,5906.08971914015
2023-11-26,6259.445166666667,5975.867366842087
2023-11-27,7133.727583333333,7026.795369982278
2023-11-28,7653.832458333333,7576.775157968526
2023-11-29,7495.290041666667,7251.737588052568
2023-11-30,6869.221958333333,6703.235697081454
2023-12-01,6518.955000000001,6580.181826323653
2023-12-02,5868.096208333333,5980.178896633974
2023-12-03,5976.757958333333,5881.786818539004
2023-12-04,6761.9605,6665.402286519102
2023-12-05,7010.549208333334,6822.211256222562
2023-12-06,7005.299541666667,6998.816668786823
2023-12-07,6962.680458333333,6735.087951075929
2023-12-08,6492.400000000001,6650.572489081041
2023-12-09,5862.733958333333,6022.519399205418
2023-12-10,6240.124,6082.014144799972
2023-12-11,7196.6016666666665,7014.428385774381
2023-12-12,7174.141083333333,7058.983364263878
2023-12-13,7208.884625,7268.044663217127
2023-12-14,7295.893416666667,7097.033835942877
2023-12-15,6970.682583333334,6985.529151570734
2023-12-16,6451.041249999999,6283.646467952774
2023-12-17,6236.489041666667,6350.272829658666
2023-12-18,7160.852583333333,7042.466357316805
2023-12-19,7523.687333333332,7465.06156112795
2023-12-20,7417.328,7281.147354550649
2023-12-21,7060.163083333333,7062.625872865979
2023-12-22,6781.819833333334,6858.137266203689
2023-12-23,6161.490291666666,6267.811530360387
2023-12-24,5772.231124999999,6125.459468154603
2023-12-25,5660.787875000001,6399.282359646454
2023-12-26,5761.003125,5895.705336131825
2023-12-27,6197.477833333333,6107.643400294126
2023-12-28,6386.037166666666,6423.801169095204
2023-12-29,6649.5143333333335,6527.217513140803
2023-12-30,6347.5817916666665,6197.440468189214
2023-12-31,6285.689208333333,6348.332676420272
2024-01-01,6460.701916666666,6923.306573036859
2024-01-02,7064.174375,6504.950486323457
2024-01-03,7223.71525,7251.216785435095
2024-01-04,7381.479916666667,7221.619405953316
2024-01-05,7449.202249999999,7454.730895583106
2024-01-06,6887.150083333334,6493.647174613194
2024-01-07,6796.936000000001,6802.3108701691535
2024-01-08,7252.048875,7143.447697939392
2024-01-09,7142.974333333333,6959.948240995822
2024-01-10,7315.214208333334,7300.708694793758
2024-01-11,7236.047500000001,7174.427211098604
2024-01-12,7311.039958333334,6984.6376163084815
2024-01-13,7377.575250000001,7292.6335214672135
2024-01-14,7922.387791666667,8599.10921048585
2024-01-15,8433.299416666667,8692.721966320529
2024-01-16,8509.636166666665,8503.751596062495
2024-01-17,8628.195458333334,8371.716308470923
2024-01-18,8093.4555,7772.115184963895
2024-01-19,8088.491708333334,8145.833712692302
2024-01-20,8138.2233750000005,8497.852528913867
2024-01-21,7824.528208333333,7508.790428188929
2024-01-22,7989.404374999999,7643.602930560004
2024-01-23,7263.8526249999995,7358.785513964364
2024-01-24,6949.545083333333,6959.949938530278
2024-01-25,6569.999500000001,6880.689608008706
2024-01-26,6411.858208333334,6493.663363240787
2024-01-27,6358.110541666666,6174.921286521468
2024-01-28,6577.674375,6456.31358090166
2024-01-29,7331.283875,7281.2474951722725
2024-01-30,7393.981458333333,7281.72886219038
2024-01-31,7213.472041666667,7295.706964033179
2024-02-01,5341.08425,6950.444598680281
2024-02-02,6810.905624999999,5518.525430340291
2024-02-03,6641.607666666667,6914.188935128259
2024-02-04,6531.563999999999,6365.944928838376
2024-02-05,7051.279708333333,7123.4605817022375
2024-02-06,6936.946291666667,6997.499530122201
2024-02-07,6958.922500000001,6894.320187019139
2024-02-08,6711.110375,6709.986672957824
2024-02-09,5579.861333333333,6665.383025022828
2024-02-10,5836.251083333334,5286.602615806526
2024-02-11,6180.227458333334,6247.31368129465
2024-02-12,6865.027291666666,6761.714543314507
2024-02-13,6895.507791666667,6906.748733635379
2024-02-14,6941.758708333334,6986.950125671503
2024-02-15,7135.016958333334,6768.346342158388
2024-02-16,7231.18275,7396.490090056123
2024-02-17,7299.424291666666,7348.505646580822
2024-02-18,7276.471208333333,7160.28386230585
2024-02-19,7300.248791666666,7308.624607159798
2024-02-20,7022.920416666667,6941.790110866987
2024-02-21,6782.091,6840.607917708987
2024-02-22,6626.646333333333,6649.302516420577
2024-02-23,6362.726083333334,6554.836850393547
2024-02-24,6770.893499999999,6687.112717966347
2024-02-25,6734.832833333334,6481.047843163984
2024-02-26,6581.818875,6843.667165176881
2024-02-27,6301.994083333334,6711.893953819144
2024-02-28,6712.391333333333,6333.011060081792
2024-02-29,7252.463083333333,7265.164085544314
2024-03-01,7020.465291666667,6817.999341203731
2024-03-02,6139.584374999999,6338.132149689702
2024-03-03,5784.239416666667,6086.586505954856
2024-03-04,6252.083166666667,6483.391676723583
2024-03-05,6137.692333333333,6359.791682318278
2024-03-06,6387.573363636364,6228.254590604036
2024-03-07,6536.556291666667,6471.861409174713
2024-03-08,6323.088458333333,6414.772364168159
2024-03-09,6061.075250000001,5926.148444321664
2024-03-10,6668.030272727273,6447.7891663024575
2024-03-11,6806.869374999999,6860.877709863498
2024-03-12,6455.863875,6602.698360278783
2024-03-13,6317.491875,6550.554762971601
2024-03-14,6189.907625,6415.301007019429
2024-03-15,6129.209833333333,6070.779491134173
2024-03-16,5928.368291666667,5834.994331850777
2024-03-17,6001.923333333333,6027.676464658483
2024-03-18,7176.586,6902.0637120377205
2024-03-19,7060.624875,6889.296618335123
2024-03-20,6787.888875000001,6875.0844894795255
2024-03-21,7068.526375,7064.755848024677
2024-03-22,6986.399083333334,6753.387455727759
2024-03-23,6560.7945,6618.684429668196
2024-03-24,6483.249708333333,6396.8405234000975
2024-03-25,6531.3959583333335,6692.082293204657
2024-03-26,6537.3315,6507.995242089134
2024-03-27,6574.145791666667,6703.510176524485
2024-03-28,6724.65625,6578.279974295043
2024-03-29,6093.554041666666,6520.350734886541
2024-03-30,5784.092958333334,5736.7610208777705
2024-03-31,5516.819375,5899.417295360245
2024-04-01,6114.449041666667,6134.076165462047
2024-04-02,6246.642708333333,6334.7387572296375
2024-04-03,6403.521333333333,6318.315927277542
2024-04-04,6809.8325,6530.287612856688
2024-04-05,6770.825375,6652.750551678528
2024-04-06,6212.775416666667,6180.855982575754
2024-04-07,5966.340625,6077.33633769488
2024-04-08,6061.135416666667,6606.331992378088
2024-04-09,6136.478875,6123.567766126906
2024-04-10,6179.311125,6292.156186296371
2024-04-11,6298.935916666666,6246.083614575138
2024-04-12,6300.926166666667,6156.695311146152
2024-04-13,5753.472916666667,5908.806985119074
2024-04-14,5759.454791666667,6025.449349175337
2024-04-15,6351.13075,6424.533076642648
2024-04-16,6508.310708333333,6564.209217655474
2024-04-17,6541.9615,6512.166685969867
2024-04-18,6298.266833333334,6360.4673268991355
2024-04-19,6054.231083333333,6126.414228622627
2024-04-20,5640.052041666667,5594.268976020252
2024-04-21,5841.724999999999,5716.349198420834
2024-04-22,6305.698375,6258.813714619089
2024-04-23,6275.544833333333,6298.740584996869
2024-04-24,6250.787916666667,6273.176313926162
2024-04-25,6352.3005416666665,6217.755258544886
2024-04-26,6232.994708333333,6326.415050666397
2024-04-27,5860.562652173912,6231.0276519447625
2024-04-28,6162.329583333333,6057.083204517739
2024-04-29,6809.55125,6737.918160145322
2024-04-30,6428.4939583333335,6464.561734008937
2024-05-01,6521.775708333334,6555.849572586126
2024-05-02,6939.755375,6800.17219309083
2024-05-03,6612.248,6694.800932377073
2024-05-04,6130.986708333334,6084.205840981884
2024-05-05,6223.510041666667,6136.432309925968
2024-05-06,6478.781333333333,6529.584250557755
2024-05-07,6698.3490833333335,6575.500003215308
2024-05-08,6969.870583333333,6937.180018001811
2024-05-09,6422.534875,6458.846249846365
2024-05-10,5981.974375000001,6173.151704357193
2024-05-11,5632.6885,5573.976072015632
2024-05-12,5599.686166666666,5740.561195924819
2024-05-13,6392.725375000001,6391.536593298908
2024-05-14,6330.636791666667,6293.907601703159
2024-05-15,6401.40225,6433.098662476995
2024-05-16,6609.374541666667,6490.1045789031705
2024-05-17,6507.391291666667,6534.030941292742
2024-05-18,6446.151875,6222.923262835251
2024-05-19,6749.42325,6619.849531097641
2024-05-20,7667.812208333333,7288.404849347327
2024-05-21,7921.0070000000005,7653.905182464679
2024-05-22,7631.828708333333,7611.09275576846
2024-05-23,7343.606500000001,7261.554873562721
2024-05-24,7446.0975,7269.285365626569
2024-05-25,7005.985916666667,7049.498969171592
2024-05-26,6519.8945416666675,6608.302331356135
2024-05-27,6172.051541666667,6844.488551937231
2024-05-28,6478.591208333334,6205.70667423418
2024-05-29,6310.94775,6445.403164902479
2024-05-30,6344.163541666666,6349.109206073683
2024-05-31,6278.706833333334,6343.20929312742
2024-06-01,6062.900874999999,6150.114485306
2024-06-02,6047.099625,5978.57536858035
2024-06-03,7264.043416666667,6949.240798299083
2024-06-04,7852.519166666666,7525.0143457761305
2024-06-05,7550.844375000001,7564.563198959355
2024-06-06,7390.76775,7327.339384136724
2024-06-07,6645.010375000001,6979.422267893693
2024-06-08,6191.751208333334,6150.712092528711
2024-06-09,6255.4085000000005,6320.89975405952
2024-06-10,6144.753125,6387.265349127284
2024-06-11,6277.769833333333,6364.8370701508375
2024-06-12,6798.614208333333,6755.247182853542
2024-06-13,7412.9205833333335,7129.785069586036
2024-06-14,7518.672041666666,7368.5416268838635
2024-06-15,6471.769916666667,6689.980944610979
2024-06-16,6826.708291666667,6719.617945803575
2024-06-17,8313.2495,7650.0476569053135
2024-06-18,8801.758458333334,8519.754765888227
2024-06-19,8701.797833333334,8470.91743150162
2024-06-20,8784.920541666666,8464.143408989197
2024-06-21,8944.04125,8753.516178812582
2024-06-22,8592.000291666667,8282.770238007277
2024-06-23,7938.371749999999,7984.785791083483
2024-06-24,7843.05125,7902.450315006086
2024-06-25,7530.912083333334,7712.734091290661
2024-06-26,7464.609291666667,7495.944088895234
2024-06-27,7303.429375,7364.045556419101
2024-06-28,7630.446416666667,7616.979339470444
2024-06-29,7886.124833333334,7672.417789655347
2024-06-30,7332.473791666666,7354.211778221032
2024-07-01,6683.338875,7252.43284584137
2024-07-02,7306.219083333333,7239.8575464660435
2024-07-03,8195.525875,7933.437107292625
2024-07-04,7412.267416666667,8052.9575836261
2024-07-05,7215.696958333334,7098.97801993273
2024-07-06,7127.340291666667,7059.025822863212
2024-07-07,7305.645833333333,7151.331038677273
2024-07-08,8181.384291666666,8018.581277735301
2024-07-09,8386.529458333333,8247.347165465817
2024-07-10,7659.9627083333335,7787.420468242277
2024-07-11,7639.501916666667,7643.8950787421945
2024-07-12,8060.787,7844.051557400961
2024-07-13,7985.0827500000005,7610.816078303205
2024-07-14,7724.063291666666,7672.180229828909
2024-07-15,8245.468791666666,8184.548876970735
2024-07-16,8629.261,8462.0373887005
2024-07-17,8135.333125,8269.298749675523
2024-07-18,7408.674083333334,7650.273192005849
2024-07-19,7119.748541666667,7267.064534576266
2024-07-20,6967.785958333334,7047.457169193446
2024-07-21,6894.974666666666,7001.429011345437
2024-07-22,7358.434291666667,7420.70337053121
2024-07-23,7775.781291666666,7627.928116827128
2024-07-24,8058.913916666667,7984.425688891621
2024-07-25,7934.732875000001,7919.8977297299625
2024-07-26,7389.476416666667,7536.339808256329
2024-07-27,7100.848041666667,7140.437427127625
2024-07-28,7524.690583333333,7374.979197059796
2024-07-29,8285.503958333333,8059.492839148383
2024-07-30,8326.126916666666,8311.578432167014
2024-07-31,8635.071416666668,8459.716125837082
2024-08-01,8586.722666666667,8367.11760557199
2024-08-02,7817.600541666667,8001.260750807038
2024-08-03,7129.323625,7351.028799248057
2024-08-04,7525.004458333333,7518.261520400342
2024-08-05,8502.8605,8283.275993588719
2024-08-06,8768.894291666667,8550.693744524724
2024-08-07,7882.892458333333,8181.57909513052
2024-08-08,8160.249208333334,7957.0090007284925
2024-08-09,7935.350875,8064.304330714146
2024-08-10,6456.350374999999,6990.102831903345
2024-08-11,6226.738,6522.2048568860155
2024-08-12,7010.046375000001,6997.67436799349
2024-08-13,7419.170541666666,7483.909337214263
2024-08-14,7558.547791666667,7616.029952655665
2024-08-15,7489.40325,7630.284218434968
2024-08-16,7595.219791666666,7552.632249033648
2024-08-17,7384.847041666667,7164.837700116868
2024-08-18,6896.730875,7197.990682365431
2024-08-19,6818.4411666666665,7091.63168319446
2024-08-20,6301.005875,6735.032347602764
2024-08-21,6330.692333333333,6489.426002695678
2024-08-22,6508.005166666667,6587.273798394686
2024-08-23,6794.687125,6792.648344072699
2024-08-24,6924.232375,6736.737815484508
2024-08-25,7573.402833333334,7294.1450905811525
2024-08-26,8490.880791666666,8176.318501254027
2024-08-27,8658.643666666667,8542.90882290421
2024-08-28,8831.596666666666,8693.862169203847
2024-08-29,8751.045333333333,8529.873792915672
2024-08-30,8640.975541666667,8626.141737216514
2024-08-31,7590.951416666667,7693.879671074223
2024-09-01,7090.852666666667,7342.596501769653
2024-09-02,6136.5349166666665,7014.123090039553
2024-09-03,6316.497375,6288.68592517138
2024-09-04,6748.253874999999,6927.7479608068115
2024-09-05,7085.876499999999,6945.289393698954
2024-09-06,7072.062125,7038.473607862095
2024-09-07,5717.350166666667,6191.88862987179
2024-09-08,5528.48225,5727.050805048896
2024-09-09,6234.677291666667,6342.994454392505
2024-09-10,6707.545708333334,6645.003275041027
2024-09-11,7049.03875,7024.3807302805
2024-09-12,7209.028208333333,7206.427305591453
2024-09-13,7134.608916666667,7134.794228868935
2024-09-14,6910.9797499999995,6746.351055648685
2024-09-15,6831.969166666667,6891.646558149661
2024-09-16,7093.978125000001,7101.875447368313
2024-09-17,6903.9011666666665,7055.356978033027
2024-09-18,7455.22125,7233.935838288133
2024-09-19,7633.653666666666,7431.409868985665
2024-09-20,7521.8009999999995,7500.083983762935
2024-09-21,7193.9016249999995,7231.510540765339
2024-09-22,6815.922333333333,6707.280176100683
2024-09-23,7097.081916666667,7106.820180103132
2024-09-24,6944.952333333334,7076.592698077978
2024-09-25,6995.456999999999,7084.565999960139
2024-09-26,6789.647409090909,6914.265367304275
2024-09-27,6682.2465,6703.030015948014
2024-09-28,6093.335791666667,6230.035255417648
2024-09-29,6113.030166666666,6127.081735196395
2024-09-30,6649.174791666667,6702.986593585011
2024-10-01,6678.241916666667,6754.458591888944
2024-10-02,6364.979333333334,6473.678579941284
2024-10-03,6372.608708333333,6431.6309865872245
2024-10-04,6406.178333333333,6440.816985037476
2024-10-05,6002.761208333333,6030.740710207222
2024-10-06,6278.423374999999,6290.250535597748
2024-10-07,6171.876260869566,6299.296474501246
2024-10-08,6072.526583333333,6197.813636533478
2024-10-09,6094.338583333333,6185.778368058997
2024-10-10,6119.641416666666,6107.859378893364
2024-10-11,6093.901208333333,6119.238644774223
2024-10-12,5700.33875,5847.414443112176
2024-10-13,5776.627458333333,5881.7397675729
2024-10-14,6072.878541666666,5956.323931251571
2024-10-15,6303.081166666667,6216.67774584719
2024-10-16,6517.231875,6402.390236044979
2024-10-17,6509.532916666667,6375.2931904146935
2024-10-18,6320.631409090909,6298.5479545145945
2024-10-19,5835.9362083333335,5829.921503620341
2024-10-20,5753.796583333333,5778.245427191632
2024-10-21,6291.151916666667,6268.984374543171
2024-10-22,6341.90825,6440.3425251327535
2024-10-23,6269.183333333333,6457.574097956756
2024-10-24,6187.533916666667,6053.002673368946
2024-10-25,6228.021291666667,6145.928326791804
2024-10-26,5723.840833333333,5772.068615590733
2024-10-27,5878.416416666667,5701.276859250653
2024-10-28,6450.132416666667,6310.579663601919
2024-10-29,6410.060791666667,6805.916107877342
2024-10-30,6437.681583333334,6440.123354206591
2024-10-31,6402.778916666666,6466.853306955538
2024-11-01,6054.519416666667,6007.93085632089
2024-11-02,5951.679521739131,5690.644729911251
2024-11-03,5967.73,5900.746864766337
2024-11-04,6365.324583333334,6678.26257359963
2024-11-05,6547.609208333334,6592.690278097556
2024-11-06,6490.657083333333,6445.993609734832
2024-11-07,6254.2119999999995,6193.751110728505
2024-11-08,6277.444541666667,6141.4756363376655
2024-11-09,5915.057625,5825.994393482214
2024-11-10,5961.164791666666,5875.555150344223
2024-11-11,6351.322208333334,6333.34781747394
2024-11-12,6518.684333333334,6385.712529583327
2024-11-13,6681.9515,6476.676648225552
2024-11-14,6666.759999999999,6570.1512465600235
2024-11-15,6473.451583333333,6464.253184777721
2024-11-16,6142.2707083333335,5982.87518671102
2024-11-17,6162.873458333333,6061.222507707458
2024-11-18,6481.356541666667,6591.515847668725
2024-11-19,6488.782625,6489.683736109162
2024-11-20,6589.600666666666,6476.227603672905
2024-11-21,7275.355208333333,6938.405700207482
2024-11-22,7245.152625,6970.111463293206
2024-11-23,6562.683541666666,6495.938005683145
2024-11-24,6434.354166666667,6410.517217334602
2024-11-25,6917.6262916666665,6707.038415781617
2024-11-26,6852.974166666667,6958.228712510813
2024-11-27,6989.503541666666,6945.321862873475
2024-11-28,6410.019166666666,7002.155775420765
2024-11-29,6979.621,6855.709804250481
2024-11-30,7182.218833333333,6974.417330564356
2024-12-01,7272.41795652174,7061.565642696772
2024-12-02,7830.565083333334,7655.938745122265
2024-12-03,8101.88575,7870.389628842546
2024-12-04,8066.231958333334,7583.616686693301
2024-12-05,8337.010791666666,8398.766134375132
2024-12-06,8117.455416666667,8019.608006370135
2024-12-07,7421.646791666666,7153.222694007452
2024-12-08,6628.5427500000005,6760.474722634413
2024-12-09,6944.83425,6969.6823712710675
2024-12-10,7015.756125,6991.579561657239
2024-12-11,7688.339166666668,7536.902836562854
2024-12-12,8251.508416666666,8346.262320278556
2024-12-13,8023.627125,7912.468414912798
2024-12-14,7320.0117083333325,7026.907091475243
2024-12-15,6921.981791666666,6907.679559989757
2024-12-16,7031.969625000001,7180.957690038187
2024-12-17,7061.504916666666,7100.340249922236
2024-12-18,7615.547875,7362.145912541227
2024-12-19,7615.798333333333,7647.263754822233
2024-12-20,7592.225291666667,7444.118453742808
2024-12-21,7565.545208333333,7646.612673974034
2024-12-22,7564.739666666667,7682.0382059254625
2024-12-23,7566.983208333334,7438.464113188459
2024-12-24,6686.122708333333,7350.000781233563
2024-12-25,6312.375791666666,6804.504953724189
2024-12-26,6671.846916666666,6480.3788244572415
2024-12-27,6831.012833333333,6745.964483693618
2024-12-28,6121.7901249999995,6467.734622288195
2024-12-29,6231.168791666667,6134.434160845701
2024-12-30,6720.388666666667,6858.166730473555
2024-12-31,6732.57075,6772.42844722464
